{
  "current_performance": {
    "accuracy": 0.7945984363894811,
    "precision": 0.6501766784452296,
    "recall": 0.4919786096256685,
    "f1_score": 0.5601217656012176,
    "evaluation_date": "2025-08-08T08:10:32.705999"
  },
  "performance_degradation": {
    "detected": false,
    "details": "Not enough history to compare"
  },
  "history_summary": {
    "total_evaluations": 2,
    "avg_accuracy": 0.7945984363894811,
    "avg_f1_score": 0.5601217656012176
  }
}