{
    "accuracy": 0.7889125799573561,
    "precision": 0.6237942122186495,
    "recall": 0.5187165775401069,
    "f1_score": 0.5664233576642336
}